filename,width,height,class,xmin,ymin,xmax,ymax
7_Color.jpg,1280,720,1_rivet,375,57,396,71
7_Color.jpg,1280,720,1_rivet,397,42,416,59
7_Color.jpg,1280,720,1_rivet,391,75,414,97
7_Color.jpg,1280,720,1_rivet,407,104,430,118
7_Color.jpg,1280,720,1_rivet,427,123,444,141
7_Color.jpg,1280,720,1_rivet,445,109,466,129
7_Color.jpg,1280,720,1_rivet,428,88,449,102
7_Color.jpg,1280,720,1_rivet,409,67,436,81
7_Color.jpg,1280,720,1_rivet,502,228,523,246
7_Color.jpg,1280,720,1_rivet,518,249,535,263
7_Color.jpg,1280,720,1_rivet,531,266,549,282
7_Color.jpg,1280,720,1_rivet,542,287,565,300
7_Color.jpg,1280,720,1_rivet,565,274,580,287
7_Color.jpg,1280,720,1_rivet,551,256,567,270
7_Color.jpg,1280,720,1_rivet,536,237,555,250
7_Color.jpg,1280,720,1_rivet,522,215,541,234
7_Color.jpg,1280,720,1_rivet,616,380,632,394
7_Color.jpg,1280,720,1_rivet,634,367,650,378
7_Color.jpg,1280,720,1_rivet,627,392,646,412
7_Color.jpg,1280,720,1_rivet,641,412,660,429
7_Color.jpg,1280,720,1_rivet,656,425,674,449
7_Color.jpg,1280,720,1_rivet,670,412,691,432
7_Color.jpg,1280,720,1_rivet,655,399,678,413
7_Color.jpg,1280,720,1_rivet,645,381,664,397
7_Color.jpg,1280,720,1_rivet,820,294,841,308
7_Color.jpg,1280,720,1_rivet,812,278,830,292
7_Color.jpg,1280,720,1_rivet,800,257,814,272
7_Color.jpg,1280,720,1_rivet,785,239,802,253
7_Color.jpg,1280,720,1_rivet,773,218,791,236
7_Color.jpg,1280,720,1_rivet,757,196,781,213
7_Color.jpg,1280,720,1_rivet,774,181,797,201
7_Color.jpg,1280,720,1_rivet,788,202,809,224
7_Color.jpg,1280,720,1_rivet,800,222,823,243
7_Color.jpg,1280,720,1_rivet,808,240,833,264
7_Color.jpg,1280,720,1_rivet,822,258,846,279
7_Color.jpg,1280,720,1_rivet,837,279,859,299
7_Color.jpg,1280,720,1_rivet,851,335,867,349
7_Color.jpg,1280,720,1_rivet,864,316,885,337
7_Color.jpg,1280,720,1_rivet,864,352,883,368
7_Color.jpg,1280,720,1_rivet,881,337,900,355
7_Color.jpg,1280,720,1_rivet,877,369,897,384
7_Color.jpg,1280,720,1_rivet,892,355,913,375
7_Color.jpg,1280,720,1_rivet,904,373,923,387
7_Color.jpg,1280,720,1_rivet,890,384,912,401
7_Color.jpg,1280,720,1_rivet,904,402,923,423
7_Color.jpg,1280,720,1_rivet,913,385,937,409
7_Color.jpg,1280,720,1_rivet,730,156,753,168
7_Color.jpg,1280,720,1_rivet,750,140,766,155
7_Color.jpg,1280,720,1_rivet,712,131,735,147
7_Color.jpg,1280,720,1_rivet,734,117,754,137
7_Color.jpg,1280,720,1_rivet,701,108,723,126
7_Color.jpg,1280,720,1_rivet,721,95,741,112
7_Color.jpg,1280,720,1_rivet,688,84,710,102
7_Color.jpg,1280,720,1_rivet,708,70,729,90
7_Color.jpg,1280,720,1_rivet,675,65,697,81
7_Color.jpg,1280,720,1_rivet,693,48,715,68
7_Color.jpg,1280,720,1_rivet,657,37,681,56
7_Color.jpg,1280,720,1_rivet,680,25,701,43
7_Color.jpg,1280,720,1_rivet,927,437,948,455
7_Color.jpg,1280,720,1_rivet,945,423,965,449
7_Color.jpg,1280,720,1_rivet,946,458,962,474
7_Color.jpg,1280,720,1_rivet,958,439,977,462
7_Color.jpg,1280,720,1_rivet,954,469,978,493
7_Color.jpg,1280,720,1_rivet,965,458,991,479
7_Color.jpg,1280,720,1_rivet,972,491,986,508
7_Color.jpg,1280,720,1_rivet,988,477,1003,495
7_Color.jpg,1280,720,1_rivet,983,511,1003,526
7_Color.jpg,1280,720,1_rivet,998,498,1015,512
7_Color.jpg,1280,720,1_INC_rivet,605,362,623,376
7_Color.jpg,1280,720,1_INC_rivet,619,351,640,362
7_Color.jpg,1280,720,1_INC_rivet,361,31,381,50
7_Color.jpg,1280,720,1_INC_rivet,380,12,405,34
7_Color.jpg,1280,720,1_INC_rivet,491,211,509,224
7_Color.jpg,1280,720,1_INC_rivet,506,197,531,213
6_Color.jpg,1280,720,1_INC_rivet,185,247,200,264
6_Color.jpg,1280,720,1_INC_rivet,199,227,214,242
6_Color.jpg,1280,720,1_INC_rivet,380,356,396,375
6_Color.jpg,1280,720,1_INC_rivet,390,335,405,349
6_Color.jpg,1280,720,1_INC_rivet,549,447,562,458
6_Color.jpg,1280,720,1_INC_rivet,559,428,573,443
6_Color.jpg,1280,720,1_INC_rivet,211,264,226,278
6_Color.jpg,1280,720,1_rivet,210,263,227,282
6_Color.jpg,1280,720,1_rivet,225,239,240,258
6_Color.jpg,1280,720,1_rivet,236,277,253,294
6_Color.jpg,1280,720,1_rivet,248,253,266,269
6_Color.jpg,1280,720,1_rivet,259,291,275,305
6_Color.jpg,1280,720,1_rivet,272,271,291,282
6_Color.jpg,1280,720,1_rivet,297,282,313,298
6_Color.jpg,1280,720,1_rivet,283,304,297,316
6_Color.jpg,1280,720,1_rivet,402,366,416,384
6_Color.jpg,1280,720,1_rivet,415,346,429,362
6_Color.jpg,1280,720,1_rivet,422,379,441,394
6_Color.jpg,1280,720,1_rivet,433,357,450,371
6_Color.jpg,1280,720,1_rivet,458,370,468,382
6_Color.jpg,1280,720,1_rivet,442,390,457,407
6_Color.jpg,1280,720,1_rivet,476,381,491,395
6_Color.jpg,1280,720,1_rivet,462,400,482,418
6_Color.jpg,1280,720,1_rivet,578,436,592,453
6_Color.jpg,1280,720,1_rivet,568,457,585,473
6_Color.jpg,1280,720,1_rivet,587,466,606,484
6_Color.jpg,1280,720,1_rivet,596,447,613,462
6_Color.jpg,1280,720,1_rivet,614,457,629,470
6_Color.jpg,1280,720,1_rivet,605,477,620,491
6_Color.jpg,1280,720,1_rivet,632,466,650,481
6_Color.jpg,1280,720,1_rivet,624,487,641,501
6_Color.jpg,1280,720,1_rivet,296,8,316,27
6_Color.jpg,1280,720,1_rivet,308,1,332,7
6_Color.jpg,1280,720,1_rivet,322,26,345,50
6_Color.jpg,1280,720,1_rivet,335,8,357,25
6_Color.jpg,1280,720,1_rivet,352,45,368,65
6_Color.jpg,1280,720,1_rivet,362,25,384,46
6_Color.jpg,1280,720,1_rivet,374,64,395,81
6_Color.jpg,1280,720,1_rivet,385,44,410,62
6_Color.jpg,1280,720,1_rivet,398,79,417,98
6_Color.jpg,1280,720,1_rivet,410,62,431,79
6_Color.jpg,1280,720,1_rivet,421,97,442,117
6_Color.jpg,1280,720,1_rivet,431,75,454,99
6_Color.jpg,1280,720,1_rivet,469,129,493,150
6_Color.jpg,1280,720,1_rivet,479,112,503,130
6_Color.jpg,1280,720,1_rivet,495,148,513,164
6_Color.jpg,1280,720,1_rivet,505,129,526,145
6_Color.jpg,1280,720,1_rivet,514,162,537,177
6_Color.jpg,1280,720,1_rivet,528,144,548,161
6_Color.jpg,1280,720,1_rivet,539,176,558,193
6_Color.jpg,1280,720,1_rivet,550,153,566,176
6_Color.jpg,1280,720,1_rivet,559,187,579,208
6_Color.jpg,1280,720,1_rivet,573,172,589,189
6_Color.jpg,1280,720,1_rivet,582,204,599,221
6_Color.jpg,1280,720,1_rivet,591,186,607,205
6_Color.jpg,1280,720,1_rivet,624,237,643,249
6_Color.jpg,1280,720,1_rivet,635,212,653,229
6_Color.jpg,1280,720,1_rivet,641,245,665,262
6_Color.jpg,1280,720,1_rivet,657,228,674,246
6_Color.jpg,1280,720,1_rivet,658,261,683,271
6_Color.jpg,1280,720,1_rivet,676,238,690,255
6_Color.jpg,1280,720,1_rivet,683,265,703,287
6_Color.jpg,1280,720,1_rivet,692,250,710,268
6_Color.jpg,1280,720,1_rivet,698,278,725,300
6_Color.jpg,1280,720,1_rivet,709,265,733,282
6_Color.jpg,1280,720,1_rivet,718,294,746,312
6_Color.jpg,1280,720,1_rivet,731,275,753,295
6_Color.jpg,1280,720,1_rivet,764,316,781,331
6_Color.jpg,1280,720,1_rivet,774,301,792,313
6_Color.jpg,1280,720,1_rivet,772,325,803,342
6_Color.jpg,1280,720,1_rivet,791,310,808,328
6_Color.jpg,1280,720,1_rivet,799,340,818,354
6_Color.jpg,1280,720,1_rivet,805,320,829,337
6_Color.jpg,1280,720,1_rivet,824,332,845,349
6_Color.jpg,1280,720,1_rivet,816,351,837,367
6_Color.jpg,1280,720,1_rivet,838,362,854,374
6_Color.jpg,1280,720,1_rivet,844,342,863,360
6_Color.jpg,1280,720,1_rivet,876,383,894,397
6_Color.jpg,1280,720,1_rivet,888,366,903,381
6_Color.jpg,1280,720,1_rivet,896,388,911,405
6_Color.jpg,1280,720,1_rivet,904,377,921,390
6_Color.jpg,1280,720,1_rivet,915,402,931,419
6_Color.jpg,1280,720,1_rivet,919,384,941,402
6_Color.jpg,1280,720,1_rivet,936,414,951,429
6_Color.jpg,1280,720,1_rivet,941,393,957,410
6_Color.jpg,1280,720,1_rivet,953,424,969,439
6_Color.jpg,1280,720,1_rivet,957,404,978,420
12_Color.jpg,1280,720,1_rivet,242,314,267,333
12_Color.jpg,1280,720,1_rivet,253,290,278,308
12_Color.jpg,1280,720,1_rivet,274,327,295,346
12_Color.jpg,1280,720,1_rivet,283,301,308,323
12_Color.jpg,1280,720,1_rivet,308,340,326,358
12_Color.jpg,1280,720,1_rivet,315,318,336,336
12_Color.jpg,1280,720,1_rivet,337,354,359,373
12_Color.jpg,1280,720,1_rivet,346,329,369,347
12_Color.jpg,1280,720,1_rivet,366,368,388,384
12_Color.jpg,1280,720,1_rivet,378,348,398,362
12_Color.jpg,1280,720,1_rivet,424,390,451,411
12_Color.jpg,1280,720,1_rivet,431,368,456,386
12_Color.jpg,1280,720,1_rivet,457,405,474,425
12_Color.jpg,1280,720,1_rivet,459,382,488,401
12_Color.jpg,1280,720,1_rivet,482,416,503,437
12_Color.jpg,1280,720,1_rivet,489,394,513,413
12_Color.jpg,1280,720,1_rivet,514,429,532,445
12_Color.jpg,1280,720,1_rivet,520,406,542,424
12_Color.jpg,1280,720,1_rivet,535,438,560,457
12_Color.jpg,1280,720,1_rivet,548,420,566,440
12_Color.jpg,1280,720,1_rivet,566,451,586,471
12_Color.jpg,1280,720,1_rivet,575,425,595,447
12_Color.jpg,1280,720,1_rivet,620,475,643,497
12_Color.jpg,1280,720,1_rivet,623,449,652,472
12_Color.jpg,1280,720,1_rivet,648,487,668,508
12_Color.jpg,1280,720,1_rivet,652,461,678,483
12_Color.jpg,1280,720,1_rivet,679,499,695,516
12_Color.jpg,1280,720,1_rivet,680,472,709,494
12_Color.jpg,1280,720,1_rivet,703,504,719,529
12_Color.jpg,1280,720,1_rivet,712,484,730,501
12_Color.jpg,1280,720,1_rivet,735,493,753,514
12_Color.jpg,1280,720,1_rivet,722,512,746,538
12_Color.jpg,1280,720,1_rivet,752,525,773,548
12_Color.jpg,1280,720,1_rivet,760,501,780,521
12_Color.jpg,1280,720,1_rivet,810,551,829,571
12_Color.jpg,1280,720,1_rivet,815,526,840,547
12_Color.jpg,1280,720,1_rivet,841,562,858,584
12_Color.jpg,1280,720,1_rivet,844,539,866,560
12_Color.jpg,1280,720,1_rivet,864,575,884,596
12_Color.jpg,1280,720,1_rivet,871,548,893,573
12_Color.jpg,1280,720,1_rivet,889,585,911,605
12_Color.jpg,1280,720,1_rivet,901,566,921,581
12_Color.jpg,1280,720,1_rivet,918,590,941,616
12_Color.jpg,1280,720,1_rivet,925,571,952,591
12_Color.jpg,1280,720,1_rivet,950,606,972,630
12_Color.jpg,1280,720,1_rivet,957,584,978,601
12_Color.jpg,1280,720,1_rivet,1008,631,1031,652
12_Color.jpg,1280,720,1_rivet,1013,605,1043,627
12_Color.jpg,1280,720,1_rivet,1036,643,1060,664
12_Color.jpg,1280,720,1_rivet,1041,614,1069,639
12_Color.jpg,1280,720,1_rivet,1064,650,1090,673
12_Color.jpg,1280,720,1_rivet,1074,626,1098,649
12_Color.jpg,1280,720,1_rivet,1097,666,1120,687
12_Color.jpg,1280,720,1_rivet,1101,637,1129,662
12_Color.jpg,1280,720,1_rivet,1128,675,1151,698
12_Color.jpg,1280,720,1_rivet,1130,649,1159,671
12_Color.jpg,1280,720,1_rivet,1158,687,1180,708
12_Color.jpg,1280,720,1_rivet,1164,662,1187,680
12_Color.jpg,1280,720,1_rivet,1233,688,1253,709
12_Color.jpg,1280,720,1_rivet,1262,698,1280,714
12_Color.jpg,1280,720,1_rivet,1222,713,1252,720
14_Color.jpg,1280,720,1_INC_rivet,706,632,726,658
14_Color.jpg,1280,720,1_INC_rivet,716,661,739,683
14_Color.jpg,1280,720,1_rivet,1,654,15,679
14_Color.jpg,1280,720,1_rivet,24,611,50,633
14_Color.jpg,1280,720,1_rivet,32,640,60,662
14_Color.jpg,1280,720,1_rivet,65,598,90,619
14_Color.jpg,1280,720,1_rivet,73,622,99,646
14_Color.jpg,1280,720,1_rivet,138,563,171,589
14_Color.jpg,1280,720,1_rivet,152,594,177,614
14_Color.jpg,1280,720,1_rivet,191,580,214,604
14_Color.jpg,1280,720,1_rivet,179,553,205,574
14_Color.jpg,1280,720,1_rivet,214,542,236,563
14_Color.jpg,1280,720,1_rivet,223,569,244,589
14_Color.jpg,1280,720,1_rivet,247,527,270,552
14_Color.jpg,1280,720,1_rivet,251,552,280,579
14_Color.jpg,1280,720,1_rivet,278,514,301,537
14_Color.jpg,1280,720,1_rivet,288,539,314,563
14_Color.jpg,1280,720,1_rivet,308,503,337,525
14_Color.jpg,1280,720,1_rivet,314,528,343,550
14_Color.jpg,1280,720,1_rivet,370,478,399,500
14_Color.jpg,1280,720,1_rivet,387,503,404,525
14_Color.jpg,1280,720,1_rivet,404,466,426,485
14_Color.jpg,1280,720,1_rivet,421,487,437,514
14_Color.jpg,1280,720,1_rivet,439,458,457,475
14_Color.jpg,1280,720,1_rivet,444,483,466,500
14_Color.jpg,1280,720,1_rivet,474,470,491,489
14_Color.jpg,1280,720,1_rivet,464,446,485,464
14_Color.jpg,1280,720,1_rivet,480,431,511,452
14_Color.jpg,1280,720,1_rivet,497,458,524,482
14_Color.jpg,1280,720,1_rivet,516,425,538,443
14_Color.jpg,1280,720,1_rivet,520,446,550,468
14_Color.jpg,1280,720,1_rivet,565,400,595,418
14_Color.jpg,1280,720,1_rivet,577,424,602,443
14_Color.jpg,1280,720,1_rivet,594,395,616,410
14_Color.jpg,1280,720,1_rivet,607,418,629,436
14_Color.jpg,1280,720,1_rivet,624,385,642,401
14_Color.jpg,1280,720,1_rivet,637,370,670,391
14_Color.jpg,1280,720,1_rivet,655,394,673,413
14_Color.jpg,1280,720,1_rivet,629,409,653,424
14_Color.jpg,1280,720,1_rivet,678,384,702,405
14_Color.jpg,1280,720,1_rivet,672,362,694,381
14_Color.jpg,1280,720,1_rivet,703,373,726,396
14_Color.jpg,1280,720,1_rivet,696,350,717,370
14_Color.jpg,1280,720,1_rivet,753,353,774,370
14_Color.jpg,1280,720,1_rivet,745,333,772,350
14_Color.jpg,1280,720,1_rivet,779,341,801,365
14_Color.jpg,1280,720,1_rivet,798,333,818,352
14_Color.jpg,1280,720,1_rivet,791,311,813,332
14_Color.jpg,1280,720,1_rivet,768,315,797,338
14_Color.jpg,1280,720,1_rivet,822,327,843,342
14_Color.jpg,1280,720,1_rivet,846,317,866,334
14_Color.jpg,1280,720,1_rivet,836,293,861,313
14_Color.jpg,1280,720,1_rivet,811,304,835,324
14_Color.jpg,1280,720,1_rivet,897,295,914,313
14_Color.jpg,1280,720,1_rivet,919,286,935,303
14_Color.jpg,1280,720,1_rivet,943,278,958,288
14_Color.jpg,1280,720,1_rivet,965,263,984,281
14_Color.jpg,1280,720,1_rivet,983,253,1008,270
14_Color.jpg,1280,720,1_rivet,977,236,998,253
14_Color.jpg,1280,720,1_rivet,952,246,976,263
14_Color.jpg,1280,720,1_rivet,931,254,951,273
14_Color.jpg,1280,720,1_rivet,909,264,929,281
14_Color.jpg,1280,720,1_rivet,887,270,906,294
14_Color.jpg,1280,720,1_rivet,727,626,745,642
14_Color.jpg,1280,720,1_rivet,752,615,769,631
14_Color.jpg,1280,720,1_rivet,769,603,789,622
14_Color.jpg,1280,720,1_rivet,790,596,809,612
14_Color.jpg,1280,720,1_rivet,799,615,818,638
14_Color.jpg,1280,720,1_rivet,778,626,798,647
14_Color.jpg,1280,720,1_rivet,754,636,779,659
14_Color.jpg,1280,720,1_rivet,737,647,754,669
14_Color.jpg,1280,720,1_rivet,603,688,625,700
14_Color.jpg,1280,720,1_rivet,615,709,633,720
14_Color.jpg,1280,720,1_rivet,582,697,606,713
14_Color.jpg,1280,720,1_rivet,555,707,578,720
frame00908.jpg,640,480,1_rivet,6,139,25,157
frame00908.jpg,640,480,1_rivet,30,139,49,158
frame00908.jpg,640,480,1_rivet,9,158,26,174
frame00908.jpg,640,480,1_rivet,29,161,54,178
frame00908.jpg,640,480,1_rivet,84,143,97,156
frame00908.jpg,640,480,1_rivet,104,143,118,157
frame00908.jpg,640,480,1_rivet,127,142,143,159
frame00908.jpg,640,480,1_rivet,169,143,184,158
frame00908.jpg,640,480,1_rivet,190,146,204,160
frame00908.jpg,640,480,1_rivet,190,162,209,176
frame00908.jpg,640,480,1_rivet,170,160,184,174
frame00908.jpg,640,480,1_rivet,148,159,166,177
frame00908.jpg,640,480,1_rivet,125,159,148,176
frame00908.jpg,640,480,1_rivet,106,160,122,174
frame00908.jpg,640,480,1_rivet,84,158,101,176
frame00908.jpg,640,480,1_rivet,390,142,406,157
frame00908.jpg,640,480,1_rivet,411,144,423,158
frame00908.jpg,640,480,1_rivet,425,142,443,158
frame00908.jpg,640,480,1_rivet,447,143,463,158
frame00908.jpg,640,480,1_rivet,465,140,482,158
frame00908.jpg,640,480,1_rivet,465,159,481,174
frame00908.jpg,640,480,1_rivet,448,160,464,176
frame00908.jpg,640,480,1_rivet,425,159,446,175
frame00908.jpg,640,480,1_rivet,388,160,403,177
frame00908.jpg,640,480,1_rivet,507,141,521,155
frame00908.jpg,640,480,1_rivet,507,157,521,170
frame00908.jpg,640,480,1_rivet,525,142,540,153
frame00908.jpg,640,480,1_rivet,526,155,542,170
frame00908.jpg,640,480,1_rivet,545,140,559,155
frame00908.jpg,640,480,1_rivet,541,155,560,170
frame00908.jpg,640,480,1_rivet,564,140,577,154
frame00908.jpg,640,480,1_rivet,565,156,579,169
frame00908.jpg,640,480,1_rivet,584,139,600,153
frame00908.jpg,640,480,1_rivet,585,157,602,170
frame00908.jpg,640,480,1_rivet,624,136,639,152
frame00908.jpg,640,480,1_rivet,626,153,640,168
frame00908.jpg,640,480,1_INC_rivet,148,143,162,158
frame00908.jpg,640,480,1_INC_rivet,231,141,251,160
frame00908.jpg,640,480,1_INC_rivet,233,161,251,178
frame00908.jpg,640,480,1_INC_rivet,252,143,268,158
frame00908.jpg,640,480,1_INC_rivet,252,161,270,179
frame00908.jpg,640,480,1_INC_rivet,272,161,287,178
frame00908.jpg,640,480,1_INC_rivet,274,147,287,159
frame00908.jpg,640,480,1_INC_rivet,290,144,307,158
frame00908.jpg,640,480,1_INC_rivet,308,143,328,160
frame00908.jpg,640,480,1_INC_rivet,332,146,344,160
frame00908.jpg,640,480,1_INC_rivet,370,143,388,161
frame00908.jpg,640,480,1_INC_rivet,372,160,388,178
frame00908.jpg,640,480,1_INC_rivet,293,162,304,176
frame00908.jpg,640,480,1_INC_rivet,410,162,426,173
frame00908.jpg,640,480,1_INC_rivet,313,164,326,174
frame00908.jpg,640,480,1_INC_rivet,331,162,344,174
frame00908.jpg,640,480,1_INC_rivet,109,332,122,345
frame00908.jpg,640,480,1_INC_rivet,128,332,139,342
frame00908.jpg,640,480,1_INC_rivet,146,330,159,342
frame00908.jpg,640,480,1_INC_rivet,166,329,177,343
frame00908.jpg,640,480,1_INC_rivet,184,330,197,341
frame00908.jpg,640,480,1_INC_rivet,184,347,197,360
frame00908.jpg,640,480,1_INC_rivet,165,348,180,361
frame00908.jpg,640,480,1_INC_rivet,146,347,161,362
frame00908.jpg,640,480,1_INC_rivet,126,350,139,361
frame00908.jpg,640,480,1_INC_rivet,110,350,121,363
frame00908.jpg,640,480,1_INC_rivet,256,326,272,337
frame00908.jpg,640,480,1_INC_rivet,275,326,286,339
frame00908.jpg,640,480,1_INC_rivet,292,324,304,338
frame00908.jpg,640,480,1_INC_rivet,307,324,321,336
frame00908.jpg,640,480,1_INC_rivet,326,324,339,336
frame00908.jpg,640,480,1_INC_rivet,256,341,271,355
frame00908.jpg,640,480,1_INC_rivet,276,343,288,356
frame00908.jpg,640,480,1_INC_rivet,291,341,304,353
frame00908.jpg,640,480,1_INC_rivet,309,342,323,353
frame00908.jpg,640,480,1_INC_rivet,322,339,341,354
frame00908.jpg,640,480,1_INC_rivet,22,318,37,328
frame00908.jpg,640,480,1_INC_rivet,23,337,35,350
frame00908.jpg,640,480,1_INC_rivet,23,355,39,368
frame00908.jpg,640,480,1_INC_rivet,2,319,15,333
frame00908.jpg,640,480,1_INC_rivet,3,339,14,351
frame00908.jpg,640,480,1_INC_rivet,3,355,17,371
frame00473.jpg,640,480,1_rivet,132,213,153,227
frame00473.jpg,640,480,1_rivet,154,215,173,228
frame00473.jpg,640,480,1_rivet,179,191,198,208
frame00473.jpg,640,480,1_rivet,181,213,200,229
frame00473.jpg,640,480,1_rivet,204,213,225,228
frame00473.jpg,640,480,1_rivet,230,212,251,225
frame00473.jpg,640,480,1_rivet,330,204,346,222
frame00473.jpg,640,480,1_rivet,353,204,372,221
frame00473.jpg,640,480,1_rivet,379,204,399,222
frame00473.jpg,640,480,1_rivet,402,201,424,218
frame00473.jpg,640,480,1_rivet,378,184,397,200
frame00473.jpg,640,480,1_rivet,403,183,423,198
frame00473.jpg,640,480,1_rivet,462,178,481,196
frame00473.jpg,640,480,1_rivet,464,197,485,220
frame00473.jpg,640,480,1_rivet,481,175,507,199
frame00473.jpg,640,480,1_rivet,485,199,507,218
frame00473.jpg,640,480,1_rivet,508,178,532,195
frame00473.jpg,640,480,1_rivet,512,196,532,215
frame00473.jpg,640,480,1_rivet,535,197,560,216
frame00473.jpg,640,480,1_rivet,564,171,587,190
frame00473.jpg,640,480,1_rivet,565,193,590,215
frame00473.jpg,640,480,1_rivet,591,194,616,210
frame00473.jpg,640,480,1_rivet,593,171,616,190
frame00473.jpg,640,480,1_INC_rivet,128,191,156,212
frame00473.jpg,640,480,1_INC_rivet,156,193,175,208
frame00473.jpg,640,480,1_INC_rivet,201,191,221,207
frame00473.jpg,640,480,1_INC_rivet,230,192,245,206
frame00473.jpg,640,480,1_INC_rivet,282,186,300,205
frame00473.jpg,640,480,1_INC_rivet,304,186,320,203
frame00473.jpg,640,480,1_INC_rivet,329,185,346,201
frame00473.jpg,640,480,1_INC_rivet,353,183,374,201
frame00473.jpg,640,480,1_INC_rivet,539,175,556,192
frame00473.jpg,640,480,1_INC_rivet,281,207,300,223
frame00473.jpg,640,480,1_INC_rivet,306,206,321,224
frame00473.jpg,640,480,1_INC_rivet,316,375,330,395
frame00473.jpg,640,480,1_INC_rivet,336,380,349,393
frame00473.jpg,640,480,1_INC_rivet,356,379,373,394
frame00473.jpg,640,480,1_INC_rivet,377,380,391,396
frame00473.jpg,640,480,1_INC_rivet,397,379,411,396
frame00473.jpg,640,480,1_INC_rivet,314,400,334,411
frame00473.jpg,640,480,1_INC_rivet,337,401,352,414
frame00473.jpg,640,480,1_INC_rivet,358,402,372,415
frame00473.jpg,640,480,1_INC_rivet,378,401,393,415
frame00473.jpg,640,480,1_INC_rivet,398,401,417,417
frame00473.jpg,640,480,1_INC_rivet,378,422,393,437
frame00473.jpg,640,480,1_INC_rivet,400,422,413,439
frame00473.jpg,640,480,1_INC_rivet,317,420,332,436
frame00473.jpg,640,480,1_INC_rivet,337,420,353,437
frame00473.jpg,640,480,1_INC_rivet,358,422,372,440
frame00473.jpg,640,480,1_INC_rivet,493,404,511,424
frame00473.jpg,640,480,1_INC_rivet,517,404,535,422
frame00473.jpg,640,480,1_INC_rivet,539,408,556,429
frame00473.jpg,640,480,1_INC_rivet,563,410,581,429
frame00473.jpg,640,480,1_INC_rivet,587,409,608,428
frame00473.jpg,640,480,1_INC_rivet,495,429,512,443
frame00473.jpg,640,480,1_INC_rivet,517,428,532,448
frame00473.jpg,640,480,1_INC_rivet,539,427,558,449
frame00473.jpg,640,480,1_INC_rivet,563,433,582,456
frame00473.jpg,640,480,1_INC_rivet,583,433,607,454
9_Color.jpg,1280,720,1_rivet,902,155,920,172
9_Color.jpg,1280,720,1_rivet,925,148,941,162
9_Color.jpg,1280,720,1_rivet,893,133,914,152
9_Color.jpg,1280,720,1_rivet,912,122,939,142
9_Color.jpg,1280,720,1_rivet,887,108,914,128
9_Color.jpg,1280,720,1_rivet,909,103,934,119
9_Color.jpg,1280,720,1_rivet,887,88,905,105
9_Color.jpg,1280,720,1_rivet,906,79,930,98
9_Color.jpg,1280,720,1_rivet,1189,361,1210,378
9_Color.jpg,1280,720,1_rivet,1209,352,1233,371
9_Color.jpg,1280,720,1_rivet,1206,331,1225,352
9_Color.jpg,1280,720,1_rivet,1181,340,1208,355
9_Color.jpg,1280,720,1_rivet,1174,315,1204,333
9_Color.jpg,1280,720,1_rivet,1196,312,1228,330
9_Color.jpg,1280,720,1_rivet,1173,295,1199,311
9_Color.jpg,1280,720,1_rivet,1196,289,1220,310
9_Color.jpg,1280,720,1_rivet,1166,275,1190,294
9_Color.jpg,1280,720,1_rivet,1189,269,1218,283
9_Color.jpg,1280,720,1_rivet,1158,222,1184,241
9_Color.jpg,1280,720,1_rivet,1178,219,1207,237
9_Color.jpg,1280,720,1_rivet,1156,201,1182,220
9_Color.jpg,1280,720,1_rivet,1179,196,1207,218
9_Color.jpg,1280,720,1_rivet,1145,178,1176,201
9_Color.jpg,1280,720,1_rivet,1172,172,1201,192
9_Color.jpg,1280,720,1_rivet,1143,155,1174,175
9_Color.jpg,1280,720,1_rivet,1171,151,1196,170
9_Color.jpg,1280,720,1_rivet,1136,132,1169,150
9_Color.jpg,1280,720,1_rivet,1161,114,1197,148
9_Color.jpg,1280,720,1_rivet,1133,76,1158,97
9_Color.jpg,1280,720,1_rivet,1157,71,1185,92
9_Color.jpg,1280,720,1_rivet,1128,55,1155,73
9_Color.jpg,1280,720,1_rivet,1154,42,1179,67
9_Color.jpg,1280,720,1_rivet,1127,26,1155,47
9_Color.jpg,1280,720,1_rivet,1151,18,1177,38
9_Color.jpg,1280,720,1_rivet,1117,1,1152,23
9_Color.jpg,1280,720,1_rivet,1156,1,1180,12
9_Color.jpg,1280,720,1_INC_rivet,876,67,901,82
9_Color.jpg,1280,720,1_INC_rivet,900,58,928,79
11_Color.jpg,1280,720,1_INC_rivet,1012,581,1028,596
11_Color.jpg,1280,720,1_INC_rivet,1016,550,1040,570
11_Color.jpg,1280,720,1_INC_rivet,1238,677,1259,702
11_Color.jpg,1280,720,1_INC_rivet,1253,650,1270,673
11_Color.jpg,1280,720,1_rivet,412,52,437,75
11_Color.jpg,1280,720,1_rivet,386,40,410,67
11_Color.jpg,1280,720,1_rivet,357,31,385,49
11_Color.jpg,1280,720,1_rivet,325,13,352,37
11_Color.jpg,1280,720,1_rivet,297,1,328,26
11_Color.jpg,1280,720,1_rivet,269,1,294,12
11_Color.jpg,1280,720,1_rivet,688,166,714,189
11_Color.jpg,1280,720,1_rivet,695,144,726,164
11_Color.jpg,1280,720,1_rivet,714,177,741,200
11_Color.jpg,1280,720,1_rivet,723,150,750,176
11_Color.jpg,1280,720,1_rivet,738,187,772,213
11_Color.jpg,1280,720,1_rivet,754,165,779,191
11_Color.jpg,1280,720,1_rivet,773,200,798,225
11_Color.jpg,1280,720,1_rivet,785,177,804,200
11_Color.jpg,1280,720,1_rivet,804,212,828,234
11_Color.jpg,1280,720,1_rivet,811,189,834,211
11_Color.jpg,1280,720,1_rivet,860,234,885,255
11_Color.jpg,1280,720,1_rivet,865,204,903,231
11_Color.jpg,1280,720,1_rivet,891,242,913,264
11_Color.jpg,1280,720,1_rivet,903,223,922,240
11_Color.jpg,1280,720,1_rivet,923,255,942,274
11_Color.jpg,1280,720,1_rivet,930,233,957,254
11_Color.jpg,1280,720,1_rivet,956,262,975,285
11_Color.jpg,1280,720,1_rivet,957,241,984,261
11_Color.jpg,1280,720,1_rivet,979,271,1008,298
11_Color.jpg,1280,720,1_rivet,993,253,1020,273
11_Color.jpg,1280,720,1_rivet,1015,288,1040,306
11_Color.jpg,1280,720,1_rivet,1016,262,1049,280
11_Color.jpg,1280,720,1_rivet,1078,310,1103,331
11_Color.jpg,1280,720,1_rivet,1090,287,1113,309
11_Color.jpg,1280,720,1_rivet,1109,323,1134,343
11_Color.jpg,1280,720,1_rivet,1124,300,1147,319
11_Color.jpg,1280,720,1_rivet,1146,335,1161,350
11_Color.jpg,1280,720,1_rivet,1154,312,1176,332
11_Color.jpg,1280,720,1_rivet,1173,343,1200,364
11_Color.jpg,1280,720,1_rivet,1184,320,1210,338
11_Color.jpg,1280,720,1_rivet,1205,352,1236,375
11_Color.jpg,1280,720,1_rivet,1214,333,1240,350
11_Color.jpg,1280,720,1_rivet,1239,361,1263,393
11_Color.jpg,1280,720,1_rivet,1249,340,1274,362
11_Color.jpg,1280,720,1_rivet,1039,591,1053,607
11_Color.jpg,1280,720,1_rivet,1044,564,1065,582
11_Color.jpg,1280,720,1_rivet,1060,602,1079,618
11_Color.jpg,1280,720,1_rivet,1074,574,1093,596
11_Color.jpg,1280,720,1_rivet,1090,613,1111,633
11_Color.jpg,1280,720,1_rivet,1091,588,1119,609
11_Color.jpg,1280,720,1_rivet,1113,629,1139,649
11_Color.jpg,1280,720,1_rivet,1125,599,1148,620
11_Color.jpg,1280,720,1_rivet,1269,688,1280,711
frame00472.jpg,640,480,1_INC_rivet,263,378,277,390
frame00472.jpg,640,480,1_INC_rivet,281,381,300,394
frame00472.jpg,640,480,1_INC_rivet,303,377,316,395
frame00472.jpg,640,480,1_INC_rivet,321,380,339,392
frame00472.jpg,640,480,1_INC_rivet,343,378,358,396
frame00472.jpg,640,480,1_INC_rivet,343,399,363,415
frame00472.jpg,640,480,1_INC_rivet,324,398,339,418
frame00472.jpg,640,480,1_INC_rivet,326,415,339,435
frame00472.jpg,640,480,1_INC_rivet,344,420,361,436
frame00472.jpg,640,480,1_INC_rivet,302,417,321,435
frame00472.jpg,640,480,1_INC_rivet,304,396,321,415
frame00472.jpg,640,480,1_INC_rivet,284,395,297,418
frame00472.jpg,640,480,1_INC_rivet,286,418,297,433
frame00472.jpg,640,480,1_INC_rivet,265,416,281,434
frame00472.jpg,640,480,1_INC_rivet,264,396,281,417
frame00472.jpg,640,480,1_INC_rivet,435,399,450,418
frame00472.jpg,640,480,1_INC_rivet,452,397,471,419
frame00472.jpg,640,480,1_INC_rivet,478,401,493,419
frame00472.jpg,640,480,1_INC_rivet,501,401,518,422
frame00472.jpg,640,480,1_INC_rivet,522,403,539,422
frame00472.jpg,640,480,1_INC_rivet,436,420,452,439
frame00472.jpg,640,480,1_INC_rivet,453,422,472,443
frame00472.jpg,640,480,1_INC_rivet,478,422,490,443
frame00472.jpg,640,480,1_INC_rivet,502,425,520,445
frame00472.jpg,640,480,1_INC_rivet,523,424,541,446
frame00472.jpg,640,480,1_INC_rivet,621,405,635,425
frame00472.jpg,640,480,1_INC_rivet,622,428,635,450
frame00472.jpg,640,480,1_INC_rivet,477,176,500,199
frame00472.jpg,640,480,1_INC_rivet,585,172,602,190
frame00472.jpg,640,480,1_INC_rivet,612,170,632,187
frame00472.jpg,640,480,1_INC_rivet,584,191,604,211
frame00472.jpg,640,480,1_INC_rivet,614,193,636,210
frame00472.jpg,640,480,1_INC_rivet,274,188,295,208
frame00472.jpg,640,480,1_INC_rivet,299,187,318,202
frame00472.jpg,640,480,1_INC_rivet,252,209,270,222
frame00472.jpg,640,480,1_INC_rivet,245,185,270,204
frame00472.jpg,640,480,1_INC_rivet,226,212,244,223
frame00472.jpg,640,480,1_INC_rivet,224,187,244,205
frame00472.jpg,640,480,1_INC_rivet,176,195,193,206
frame00472.jpg,640,480,1_INC_rivet,152,194,170,205
frame00472.jpg,640,480,1_INC_rivet,106,197,119,209
frame00472.jpg,640,480,1_INC_rivet,71,193,95,210
frame00472.jpg,640,480,1_rivet,75,214,100,232
frame00472.jpg,640,480,1_rivet,103,214,124,234
frame00472.jpg,640,480,1_rivet,129,213,146,234
frame00472.jpg,640,480,1_rivet,153,212,176,232
frame00472.jpg,640,480,1_rivet,128,193,144,211
frame00472.jpg,640,480,1_rivet,177,211,201,229
frame00472.jpg,640,480,1_rivet,274,208,295,225
frame00472.jpg,640,480,1_rivet,299,206,321,223
frame00472.jpg,640,480,1_rivet,325,206,347,222
frame00472.jpg,640,480,1_rivet,323,183,346,204
frame00472.jpg,640,480,1_rivet,350,205,368,222
frame00472.jpg,640,480,1_rivet,344,182,368,203
frame00472.jpg,640,480,1_rivet,402,180,422,197
frame00472.jpg,640,480,1_rivet,426,180,446,198
frame00472.jpg,640,480,1_rivet,451,181,470,198
frame00472.jpg,640,480,1_rivet,402,201,423,221
frame00472.jpg,640,480,1_rivet,426,198,448,222
frame00472.jpg,640,480,1_rivet,449,198,473,222
frame00472.jpg,640,480,1_rivet,476,199,497,221
frame00472.jpg,640,480,1_rivet,502,200,521,218
frame00472.jpg,640,480,1_rivet,499,177,525,199
frame00472.jpg,640,480,1_rivet,528,176,546,192
frame00472.jpg,640,480,1_rivet,526,197,552,214
frame00910.jpg,640,480,1_rivet,390,162,404,176
frame00910.jpg,640,480,1_rivet,392,143,407,157
frame00910.jpg,640,480,1_rivet,407,144,425,158
frame00910.jpg,640,480,1_rivet,429,144,444,160
frame00910.jpg,640,480,1_rivet,445,143,461,158
frame00910.jpg,640,480,1_rivet,430,161,442,174
frame00910.jpg,640,480,1_rivet,445,160,465,177
frame00910.jpg,640,480,1_rivet,468,137,481,158
frame00910.jpg,640,480,1_rivet,507,139,524,158
frame00910.jpg,640,480,1_rivet,525,141,542,156
frame00910.jpg,640,480,1_rivet,544,141,559,155
frame00910.jpg,640,480,1_rivet,562,140,580,158
frame00910.jpg,640,480,1_rivet,584,139,599,154
frame00910.jpg,640,480,1_rivet,626,138,640,151
frame00910.jpg,640,480,1_rivet,509,157,522,172
frame00910.jpg,640,480,1_rivet,525,157,542,173
frame00910.jpg,640,480,1_rivet,545,158,558,172
frame00910.jpg,640,480,1_rivet,565,157,580,173
frame00910.jpg,640,480,1_rivet,583,156,599,171
frame00910.jpg,640,480,1_rivet,627,154,640,166
frame00910.jpg,640,480,1_rivet,5,139,23,155
frame00910.jpg,640,480,1_rivet,466,159,483,174
frame00910.jpg,640,480,1_rivet,188,145,204,159
frame00910.jpg,640,480,1_rivet,190,163,209,177
frame00910.jpg,640,480,1_rivet,167,162,185,179
frame00910.jpg,640,480,1_rivet,167,144,184,160
frame00910.jpg,640,480,1_rivet,148,162,166,178
frame00910.jpg,640,480,1_rivet,126,162,144,178
frame00910.jpg,640,480,1_rivet,125,144,144,160
frame00910.jpg,640,480,1_rivet,104,143,121,160
frame00910.jpg,640,480,1_rivet,106,160,123,178
frame00910.jpg,640,480,1_rivet,81,160,100,176
frame00910.jpg,640,480,1_rivet,80,141,100,163
frame00910.jpg,640,480,1_rivet,33,161,53,175
frame00910.jpg,640,480,1_rivet,30,141,51,160
frame00910.jpg,640,480,1_rivet,7,157,25,174
frame00910.jpg,640,480,1_INC_rivet,146,146,163,158
frame00910.jpg,640,480,1_INC_rivet,231,143,249,158
frame00910.jpg,640,480,1_INC_rivet,234,163,248,175
frame00910.jpg,640,480,1_INC_rivet,253,146,270,157
frame00910.jpg,640,480,1_INC_rivet,274,147,287,157
frame00910.jpg,640,480,1_INC_rivet,293,146,307,160
frame00910.jpg,640,480,1_INC_rivet,311,145,328,162
frame00910.jpg,640,480,1_INC_rivet,333,147,342,157
frame00910.jpg,640,480,1_INC_rivet,253,164,269,175
frame00910.jpg,640,480,1_INC_rivet,275,164,288,175
frame00910.jpg,640,480,1_INC_rivet,293,164,305,174
frame00910.jpg,640,480,1_INC_rivet,312,164,325,174
frame00910.jpg,640,480,1_INC_rivet,331,162,343,177
frame00910.jpg,640,480,1_INC_rivet,372,144,386,157
frame00910.jpg,640,480,1_INC_rivet,374,161,387,174
frame00910.jpg,640,480,1_INC_rivet,409,162,422,176
frame00910.jpg,640,480,1_INC_rivet,2,320,14,334
frame00910.jpg,640,480,1_INC_rivet,22,319,37,332
frame00910.jpg,640,480,1_INC_rivet,3,340,14,351
frame00910.jpg,640,480,1_INC_rivet,21,338,36,349
frame00910.jpg,640,480,1_INC_rivet,2,357,18,372
frame00910.jpg,640,480,1_INC_rivet,22,358,36,369
frame00910.jpg,640,480,1_INC_rivet,109,334,121,346
frame00910.jpg,640,480,1_INC_rivet,127,332,142,343
frame00910.jpg,640,480,1_INC_rivet,146,330,160,346
frame00910.jpg,640,480,1_INC_rivet,165,330,179,341
frame00910.jpg,640,480,1_INC_rivet,182,329,197,341
frame00910.jpg,640,480,1_INC_rivet,110,351,124,364
frame00910.jpg,640,480,1_INC_rivet,128,350,143,362
frame00910.jpg,640,480,1_INC_rivet,148,348,159,363
frame00910.jpg,640,480,1_INC_rivet,163,348,183,358
frame00910.jpg,640,480,1_INC_rivet,186,347,197,361
frame00910.jpg,640,480,1_INC_rivet,256,325,270,337
frame00910.jpg,640,480,1_INC_rivet,275,325,285,338
frame00910.jpg,640,480,1_INC_rivet,290,323,303,339
frame00910.jpg,640,480,1_INC_rivet,307,324,323,338
frame00910.jpg,640,480,1_INC_rivet,325,323,342,338
frame00910.jpg,640,480,1_INC_rivet,258,342,271,355
frame00910.jpg,640,480,1_INC_rivet,274,341,288,357
frame00910.jpg,640,480,1_INC_rivet,292,340,305,355
frame00910.jpg,640,480,1_INC_rivet,307,341,320,357
frame00910.jpg,640,480,1_INC_rivet,321,341,338,355
frame00464.jpg,640,480,1_INC_rivet,175,213,191,225
frame00464.jpg,640,480,1_INC_rivet,174,193,189,210
frame00464.jpg,640,480,1_INC_rivet,191,193,211,207
frame00464.jpg,640,480,1_INC_rivet,217,195,233,206
frame00464.jpg,640,480,1_INC_rivet,237,193,254,203
frame00464.jpg,640,480,1_INC_rivet,256,194,273,204
frame00464.jpg,640,480,1_INC_rivet,279,195,295,205
frame00464.jpg,640,480,1_INC_rivet,195,212,214,222
frame00464.jpg,640,480,1_INC_rivet,218,213,236,224
frame00464.jpg,640,480,1_INC_rivet,239,211,250,224
frame00464.jpg,640,480,1_INC_rivet,258,211,276,225
frame00464.jpg,640,480,1_INC_rivet,279,211,297,228
frame00464.jpg,640,480,1_INC_rivet,325,190,335,205
frame00464.jpg,640,480,1_INC_rivet,326,208,336,222
frame00464.jpg,640,480,1_INC_rivet,39,402,51,414
frame00464.jpg,640,480,1_INC_rivet,57,400,70,409
frame00464.jpg,640,480,1_INC_rivet,80,398,96,412
frame00464.jpg,640,480,1_INC_rivet,100,397,119,411
frame00464.jpg,640,480,1_INC_rivet,121,395,134,411
frame00464.jpg,640,480,1_INC_rivet,39,419,54,433
frame00464.jpg,640,480,1_INC_rivet,60,420,74,432
frame00464.jpg,640,480,1_INC_rivet,81,417,97,431
frame00464.jpg,640,480,1_INC_rivet,101,416,118,431
frame00464.jpg,640,480,1_INC_rivet,122,414,136,427
frame00464.jpg,640,480,1_INC_rivet,202,384,213,398
frame00464.jpg,640,480,1_INC_rivet,219,385,231,402
frame00464.jpg,640,480,1_INC_rivet,235,384,249,398
frame00464.jpg,640,480,1_INC_rivet,256,381,268,397
frame00464.jpg,640,480,1_INC_rivet,275,379,289,396
frame00464.jpg,640,480,1_INC_rivet,204,401,214,418
frame00464.jpg,640,480,1_INC_rivet,220,404,233,419
frame00464.jpg,640,480,1_INC_rivet,241,402,252,418
frame00464.jpg,640,480,1_INC_rivet,258,401,275,417
frame00464.jpg,640,480,1_INC_rivet,274,399,289,413
frame00464.jpg,640,480,1_rivet,6,196,27,210
frame00464.jpg,640,480,1_rivet,31,195,46,208
frame00464.jpg,640,480,1_rivet,53,196,72,211
frame00464.jpg,640,480,1_rivet,57,213,77,228
frame00464.jpg,640,480,1_rivet,32,215,48,230
frame00464.jpg,640,480,1_rivet,11,214,23,231
frame00464.jpg,640,480,1_rivet,81,213,97,228
frame00464.jpg,640,480,1_rivet,104,213,118,228
frame00464.jpg,640,480,1_rivet,102,194,118,209
frame00464.jpg,640,480,1_rivet,124,195,142,209
frame00464.jpg,640,480,1_rivet,128,213,142,231
frame00464.jpg,640,480,1_rivet,342,191,352,204
frame00464.jpg,640,480,1_rivet,342,208,355,222
frame00464.jpg,640,480,1_rivet,359,190,376,206
frame00464.jpg,640,480,1_rivet,380,189,395,203
frame00464.jpg,640,480,1_rivet,380,206,399,220
frame00464.jpg,640,480,1_rivet,402,189,418,203
frame00464.jpg,640,480,1_rivet,401,205,415,222
frame00464.jpg,640,480,1_rivet,419,188,436,205
frame00464.jpg,640,480,1_rivet,421,206,437,220
frame00464.jpg,640,480,1_rivet,460,185,477,199
frame00464.jpg,640,480,1_rivet,461,201,476,216
frame00464.jpg,640,480,1_rivet,483,185,497,198
frame00464.jpg,640,480,1_rivet,483,201,495,214
frame00464.jpg,640,480,1_rivet,501,184,516,199
frame00464.jpg,640,480,1_rivet,503,203,518,218
frame00464.jpg,640,480,1_rivet,523,181,535,200
frame00464.jpg,640,480,1_rivet,522,202,538,220
frame00464.jpg,640,480,1_rivet,540,184,556,199
frame00464.jpg,640,480,1_rivet,541,202,556,216
frame00464.jpg,640,480,1_rivet,584,184,603,198
frame00464.jpg,640,480,1_rivet,604,180,619,195
frame00464.jpg,640,480,1_rivet,623,180,640,193
frame00464.jpg,640,480,1_rivet,585,198,601,214
frame00464.jpg,640,480,1_rivet,604,197,619,214
frame00464.jpg,640,480,1_rivet,622,197,637,216
frame00464.jpg,640,480,1_INC_rivet,361,206,377,222
frame00464.jpg,640,480,1_INC_rivet,75,193,95,209
5_Color.jpg,1280,720,1_rivet,81,179,122,206
5_Color.jpg,1280,720,1_rivet,112,147,153,175
5_Color.jpg,1280,720,1_rivet,70,107,122,145
5_Color.jpg,1280,720,1_rivet,45,143,91,175
5_Color.jpg,1280,720,1_rivet,34,80,91,110
5_Color.jpg,1280,720,1_rivet,12,112,46,142
5_Color.jpg,1280,720,1_rivet,1,38,55,65
5_Color.jpg,1280,720,1_rivet,253,334,287,360
5_Color.jpg,1280,720,1_rivet,287,304,322,341
5_Color.jpg,1280,720,1_rivet,282,356,319,392
5_Color.jpg,1280,720,1_rivet,310,333,344,367
5_Color.jpg,1280,720,1_rivet,311,382,341,420
5_Color.jpg,1280,720,1_rivet,342,362,374,392
5_Color.jpg,1280,720,1_rivet,371,388,405,423
5_Color.jpg,1280,720,1_rivet,339,416,373,441
5_Color.jpg,1280,720,1_rivet,537,12,571,49
5_Color.jpg,1280,720,1_rivet,568,1,610,17
5_Color.jpg,1280,720,1_rivet,575,53,605,90
5_Color.jpg,1280,720,1_rivet,606,35,637,57
5_Color.jpg,1280,720,1_rivet,609,93,633,124
5_Color.jpg,1280,720,1_rivet,635,66,676,100
5_Color.jpg,1280,720,1_rivet,633,133,668,157
5_Color.jpg,1280,720,1_rivet,663,100,693,130
5_Color.jpg,1280,720,1_rivet,663,165,699,196
5_Color.jpg,1280,720,1_rivet,691,137,727,171
5_Color.jpg,1280,720,1_rivet,721,228,751,268
5_Color.jpg,1280,720,1_rivet,748,210,784,240
5_Color.jpg,1280,720,1_rivet,750,264,784,307
5_Color.jpg,1280,720,1_rivet,775,241,808,275
5_Color.jpg,1280,720,1_rivet,778,297,803,330
5_Color.jpg,1280,720,1_rivet,803,270,835,306
5_Color.jpg,1280,720,1_rivet,804,328,835,366
5_Color.jpg,1280,720,1_rivet,832,303,857,337
5_Color.jpg,1280,720,1_rivet,829,358,855,394
5_Color.jpg,1280,720,1_rivet,857,335,887,374
5_Color.jpg,1280,720,1_rivet,859,387,887,424
5_Color.jpg,1280,720,1_rivet,876,368,919,406
5_Color.jpg,1280,720,1_rivet,910,448,941,487
5_Color.jpg,1280,720,1_rivet,928,426,970,467
5_Color.jpg,1280,720,1_rivet,933,479,971,522
5_Color.jpg,1280,720,1_rivet,962,461,999,494
5_Color.jpg,1280,720,1_rivet,964,516,991,545
5_Color.jpg,1280,720,1_rivet,993,487,1028,526
5_Color.jpg,1280,720,1_rivet,982,540,1012,571
5_Color.jpg,1280,720,1_rivet,1015,525,1041,545
5_Color.jpg,1280,720,1_rivet,1013,569,1041,599
5_Color.jpg,1280,720,1_rivet,1039,547,1066,579
5_Color.jpg,1280,720,1_rivet,1063,631,1095,662
5_Color.jpg,1280,720,1_rivet,1091,608,1127,646
5_Color.jpg,1280,720,1_rivet,1091,656,1115,693
5_Color.jpg,1280,720,1_rivet,1118,642,1146,668
5_Color.jpg,1280,720,1_rivet,1142,671,1168,702
5_Color.jpg,1280,720,1_rivet,1116,687,1139,714
5_Color.jpg,1280,720,1_rivet,1166,697,1202,718
5_Color.jpg,1280,720,1_rivet,589,611,626,630
5_Color.jpg,1280,720,1_rivet,536,602,559,632
5_Color.jpg,1280,720,1_rivet,554,582,589,606
5_Color.jpg,1280,720,1_rivet,517,528,538,557
5_Color.jpg,1280,720,1_rivet,541,554,566,586
5_Color.jpg,1280,720,1_rivet,481,553,510,583
5_Color.jpg,1280,720,1_rivet,507,571,536,607
5_Color.jpg,1280,720,1_rivet,561,623,583,657
5_Color.jpg,1280,720,1_INC_rivet,457,527,490,549
5_Color.jpg,1280,720,1_INC_rivet,489,506,514,533
5_Color.jpg,1280,720,1_INC_rivet,224,307,253,332
5_Color.jpg,1280,720,1_INC_rivet,248,276,284,303
frame00331.jpg,640,480,1_rivet,1,174,15,187
frame00331.jpg,640,480,1_rivet,19,173,45,187
frame00331.jpg,640,480,1_rivet,44,172,71,185
frame00331.jpg,640,480,1_rivet,53,192,70,208
frame00331.jpg,640,480,1_rivet,25,194,40,207
frame00331.jpg,640,480,1_rivet,1,196,14,208
frame00331.jpg,640,480,1_rivet,102,170,122,186
frame00331.jpg,640,480,1_rivet,127,188,148,204
frame00331.jpg,640,480,1_rivet,95,187,125,206
frame00331.jpg,640,480,1_rivet,128,172,147,188
frame00331.jpg,640,480,1_rivet,151,170,172,184
frame00331.jpg,640,480,1_rivet,180,168,199,185
frame00331.jpg,640,480,1_rivet,210,169,224,180
frame00331.jpg,640,480,1_rivet,232,167,250,179
frame00331.jpg,640,480,1_rivet,150,185,177,206
frame00331.jpg,640,480,1_INC_rivet,183,188,197,203
frame00331.jpg,640,480,1_INC_rivet,209,188,223,201
frame00331.jpg,640,480,1_INC_rivet,234,190,248,199
frame00331.jpg,640,480,1_INC_rivet,284,167,304,179
frame00331.jpg,640,480,1_INC_rivet,310,165,325,178
frame00331.jpg,640,480,1_INC_rivet,335,165,346,177
frame00331.jpg,640,480,1_INC_rivet,354,163,374,174
frame00331.jpg,640,480,1_INC_rivet,378,161,402,174
frame00331.jpg,640,480,1_INC_rivet,406,160,423,172
frame00331.jpg,640,480,1_INC_rivet,290,187,306,202
frame00331.jpg,640,480,1_INC_rivet,311,186,327,199
frame00331.jpg,640,480,1_INC_rivet,338,186,351,198
frame00331.jpg,640,480,1_INC_rivet,363,183,374,196
frame00331.jpg,640,480,1_INC_rivet,388,183,396,197
frame00331.jpg,640,480,1_INC_rivet,409,182,424,201
frame00331.jpg,640,480,1_INC_rivet,141,368,156,380
frame00331.jpg,640,480,1_INC_rivet,162,367,175,383
frame00331.jpg,640,480,1_INC_rivet,184,367,193,381
frame00331.jpg,640,480,1_INC_rivet,204,368,216,379
frame00331.jpg,640,480,1_INC_rivet,223,366,239,383
frame00331.jpg,640,480,1_INC_rivet,142,390,156,402
frame00331.jpg,640,480,1_INC_rivet,163,389,179,404
frame00331.jpg,640,480,1_INC_rivet,185,389,198,403
frame00331.jpg,640,480,1_INC_rivet,204,388,217,402
frame00331.jpg,640,480,1_INC_rivet,226,390,238,404
frame00331.jpg,640,480,1_INC_rivet,144,408,156,424
frame00331.jpg,640,480,1_INC_rivet,162,410,178,424
frame00331.jpg,640,480,1_INC_rivet,184,410,198,422
frame00331.jpg,640,480,1_INC_rivet,206,410,217,425
frame00331.jpg,640,480,1_INC_rivet,227,410,239,425
frame00331.jpg,640,480,1_INC_rivet,318,389,329,404
frame00331.jpg,640,480,1_INC_rivet,338,390,350,405
frame00331.jpg,640,480,1_INC_rivet,357,387,372,403
frame00331.jpg,640,480,1_INC_rivet,381,390,395,405
frame00331.jpg,640,480,1_INC_rivet,404,391,417,408
frame00331.jpg,640,480,1_INC_rivet,316,407,330,425
frame00331.jpg,640,480,1_INC_rivet,339,409,350,427
frame00331.jpg,640,480,1_INC_rivet,361,411,374,428
frame00331.jpg,640,480,1_INC_rivet,382,414,397,430
frame00331.jpg,640,480,1_INC_rivet,403,413,415,426
frame00331.jpg,640,480,1_INC_rivet,498,394,512,412
frame00331.jpg,640,480,1_INC_rivet,524,394,541,409
frame00331.jpg,640,480,1_INC_rivet,551,397,563,410
frame00331.jpg,640,480,1_INC_rivet,572,397,589,412
frame00331.jpg,640,480,1_INC_rivet,598,395,612,412
frame00331.jpg,640,480,1_INC_rivet,500,415,515,433
frame00331.jpg,640,480,1_INC_rivet,525,415,539,436
frame00331.jpg,640,480,1_INC_rivet,550,418,563,435
frame00331.jpg,640,480,1_INC_rivet,575,419,587,442
frame00331.jpg,640,480,1_INC_rivet,599,419,613,440
frame00331.jpg,640,480,1_INC_rivet,466,176,488,195
frame00331.jpg,640,480,1_INC_rivet,466,156,483,172
frame00331.jpg,640,480,1_INC_rivet,492,155,508,168
frame00331.jpg,640,480,1_INC_rivet,494,178,509,191
frame00331.jpg,640,480,1_INC_rivet,519,153,537,169
frame00331.jpg,640,480,1_INC_rivet,517,174,537,190
frame00331.jpg,640,480,1_INC_rivet,548,150,563,168
frame00331.jpg,640,480,1_INC_rivet,546,175,565,190
frame00331.jpg,640,480,1_INC_rivet,577,148,590,169
frame00331.jpg,640,480,1_INC_rivet,575,173,595,189
frame00331.jpg,640,480,1_INC_rivet,603,149,623,167
frame00331.jpg,640,480,1_INC_rivet,608,171,624,189
4_Color.jpg,1280,720,1_rivet,379,145,419,168
4_Color.jpg,1280,720,1_rivet,421,137,457,160
4_Color.jpg,1280,720,1_rivet,392,181,435,204
4_Color.jpg,1280,720,1_rivet,431,172,466,197
4_Color.jpg,1280,720,1_rivet,404,211,441,239
4_Color.jpg,1280,720,1_rivet,440,209,486,238
4_Color.jpg,1280,720,1_rivet,418,246,456,276
4_Color.jpg,1280,720,1_rivet,456,243,484,269
4_Color.jpg,1280,720,1_rivet,476,431,505,456
4_Color.jpg,1280,720,1_rivet,503,425,537,447
4_Color.jpg,1280,720,1_rivet,478,464,510,488
4_Color.jpg,1280,720,1_rivet,515,456,541,479
4_Color.jpg,1280,720,1_rivet,491,491,520,520
4_Color.jpg,1280,720,1_rivet,526,486,551,512
4_Color.jpg,1280,720,1_rivet,500,524,535,557
4_Color.jpg,1280,720,1_rivet,533,519,568,546
4_Color.jpg,1280,720,1_rivet,753,5,785,38
4_Color.jpg,1280,720,1_rivet,792,1,822,22
4_Color.jpg,1280,720,1_rivet,768,53,792,72
4_Color.jpg,1280,720,1_rivet,797,40,830,66
4_Color.jpg,1280,720,1_rivet,772,93,802,121
4_Color.jpg,1280,720,1_rivet,808,82,841,115
4_Color.jpg,1280,720,1_rivet,784,136,819,164
4_Color.jpg,1280,720,1_rivet,814,124,848,153
4_Color.jpg,1280,720,1_rivet,792,179,825,206
4_Color.jpg,1280,720,1_rivet,825,171,863,196
4_Color.jpg,1280,720,1_rivet,809,261,843,288
4_Color.jpg,1280,720,1_rivet,846,256,878,284
4_Color.jpg,1280,720,1_rivet,816,295,849,326
4_Color.jpg,1280,720,1_rivet,857,297,888,323
4_Color.jpg,1280,720,1_rivet,828,341,860,371
4_Color.jpg,1280,720,1_rivet,862,337,897,365
4_Color.jpg,1280,720,1_rivet,841,379,869,412
4_Color.jpg,1280,720,1_rivet,871,368,906,402
4_Color.jpg,1280,720,1_rivet,849,418,879,446
4_Color.jpg,1280,720,1_rivet,884,411,916,446
4_Color.jpg,1280,720,1_rivet,862,454,883,482
4_Color.jpg,1280,720,1_rivet,891,450,924,476
4_Color.jpg,1280,720,1_rivet,873,540,905,565
4_Color.jpg,1280,720,1_rivet,911,526,941,559
4_Color.jpg,1280,720,1_rivet,889,576,916,605
4_Color.jpg,1280,720,1_rivet,921,568,953,599
4_Color.jpg,1280,720,1_rivet,900,613,923,641
4_Color.jpg,1280,720,1_rivet,928,606,964,633
4_Color.jpg,1280,720,1_rivet,907,649,939,673
4_Color.jpg,1280,720,1_rivet,941,645,969,672
4_Color.jpg,1280,720,1_rivet,915,685,951,712
4_Color.jpg,1280,720,1_rivet,944,683,989,707
4_Color.jpg,1280,720,1_INC_rivet,457,396,495,423
4_Color.jpg,1280,720,1_INC_rivet,498,392,530,414
4_Color.jpg,1280,720,1_INC_rivet,375,108,404,141
4_Color.jpg,1280,720,1_INC_rivet,409,99,443,122
frame00326.jpg,640,480,1_rivet,1,172,9,189
frame00326.jpg,640,480,1_rivet,17,174,38,192
frame00326.jpg,640,480,1_rivet,44,173,59,190
frame00326.jpg,640,480,1_rivet,68,172,86,185
frame00326.jpg,640,480,1_rivet,94,173,113,188
frame00326.jpg,640,480,1_rivet,45,192,62,206
frame00326.jpg,640,480,1_rivet,71,195,85,206
frame00326.jpg,640,480,1_rivet,94,193,113,208
frame00326.jpg,640,480,1_rivet,147,171,162,184
frame00326.jpg,640,480,1_rivet,170,169,188,183
frame00326.jpg,640,480,1_rivet,198,171,214,182
frame00326.jpg,640,480,1_rivet,224,168,240,181
frame00326.jpg,640,480,1_rivet,251,167,266,179
frame00326.jpg,640,480,1_rivet,274,167,292,180
frame00326.jpg,640,480,1_rivet,149,190,166,202
frame00326.jpg,640,480,1_rivet,174,191,192,203
frame00326.jpg,640,480,1_rivet,197,190,220,205
frame00326.jpg,640,480,1_INC_rivet,1,197,9,207
frame00326.jpg,640,480,1_INC_rivet,20,196,38,212
frame00326.jpg,640,480,1_INC_rivet,227,190,240,203
frame00326.jpg,640,480,1_INC_rivet,251,186,269,201
frame00326.jpg,640,480,1_INC_rivet,277,188,291,198
frame00326.jpg,640,480,1_INC_rivet,331,164,345,177
frame00326.jpg,640,480,1_INC_rivet,355,162,370,177
frame00326.jpg,640,480,1_INC_rivet,379,163,393,173
frame00326.jpg,640,480,1_INC_rivet,405,159,422,171
frame00326.jpg,640,480,1_INC_rivet,430,158,445,173
frame00326.jpg,640,480,1_INC_rivet,457,157,472,169
frame00326.jpg,640,480,1_INC_rivet,332,184,346,199
frame00326.jpg,640,480,1_INC_rivet,355,184,368,197
frame00326.jpg,640,480,1_INC_rivet,381,183,394,197
frame00326.jpg,640,480,1_INC_rivet,405,181,421,198
frame00326.jpg,640,480,1_INC_rivet,429,178,442,194
frame00326.jpg,640,480,1_INC_rivet,459,179,472,194
frame00326.jpg,640,480,1_INC_rivet,514,152,529,167
frame00326.jpg,640,480,1_INC_rivet,542,151,560,166
frame00326.jpg,640,480,1_INC_rivet,573,149,589,164
frame00326.jpg,640,480,1_INC_rivet,602,148,618,162
frame00326.jpg,640,480,1_INC_rivet,631,147,640,159
frame00326.jpg,640,480,1_INC_rivet,516,176,531,189
frame00326.jpg,640,480,1_INC_rivet,546,175,562,190
frame00326.jpg,640,480,1_INC_rivet,574,172,592,190
frame00326.jpg,640,480,1_INC_rivet,605,170,620,187
frame00326.jpg,640,480,1_INC_rivet,633,169,640,187
frame00326.jpg,640,480,1_INC_rivet,183,366,198,381
frame00326.jpg,640,480,1_INC_rivet,205,367,220,383
frame00326.jpg,640,480,1_INC_rivet,226,369,240,384
frame00326.jpg,640,480,1_INC_rivet,247,366,260,383
frame00326.jpg,640,480,1_INC_rivet,266,366,280,382
frame00326.jpg,640,480,1_INC_rivet,185,388,199,404
frame00326.jpg,640,480,1_INC_rivet,205,388,218,402
frame00326.jpg,640,480,1_INC_rivet,225,389,240,405
frame00326.jpg,640,480,1_INC_rivet,244,386,262,403
frame00326.jpg,640,480,1_INC_rivet,268,388,283,406
frame00326.jpg,640,480,1_INC_rivet,185,408,200,423
frame00326.jpg,640,480,1_INC_rivet,204,407,221,424
frame00326.jpg,640,480,1_INC_rivet,227,407,241,426
frame00326.jpg,640,480,1_INC_rivet,247,409,263,427
frame00326.jpg,640,480,1_INC_rivet,268,410,284,428
frame00326.jpg,640,480,1_INC_rivet,360,391,375,406
frame00326.jpg,640,480,1_INC_rivet,362,410,376,429
frame00326.jpg,640,480,1_INC_rivet,381,390,398,405
frame00326.jpg,640,480,1_INC_rivet,402,388,418,407
frame00326.jpg,640,480,1_INC_rivet,427,390,444,409
frame00326.jpg,640,480,1_INC_rivet,449,386,468,413
frame00326.jpg,640,480,1_INC_rivet,384,412,398,429
frame00326.jpg,640,480,1_INC_rivet,405,415,421,430
frame00326.jpg,640,480,1_INC_rivet,429,414,442,434
frame00326.jpg,640,480,1_INC_rivet,448,417,464,433
frame00326.jpg,640,480,1_INC_rivet,549,397,564,414
frame00326.jpg,640,480,1_INC_rivet,574,399,591,414
frame00326.jpg,640,480,1_INC_rivet,601,401,618,418
frame00326.jpg,640,480,1_INC_rivet,627,400,640,414
frame00326.jpg,640,480,1_INC_rivet,547,420,566,439
frame00326.jpg,640,480,1_INC_rivet,577,423,590,440
frame00326.jpg,640,480,1_INC_rivet,602,426,617,441
frame00326.jpg,640,480,1_INC_rivet,625,425,640,440
8_Color.jpg,1280,720,1_INC_rivet,687,140,697,156
8_Color.jpg,1280,720,1_INC_rivet,703,131,717,149
8_Color.jpg,1280,720,1_rivet,689,160,702,174
8_Color.jpg,1280,720,1_rivet,707,155,726,169
8_Color.jpg,1280,720,1_rivet,693,182,708,194
8_Color.jpg,1280,720,1_rivet,711,171,727,193
8_Color.jpg,1280,720,1_rivet,692,200,716,216
8_Color.jpg,1280,720,1_rivet,711,192,736,212
8_Color.jpg,1280,720,1_rivet,701,222,718,239
8_Color.jpg,1280,720,1_rivet,722,216,740,234
8_Color.jpg,1280,720,1_rivet,660,37,678,53
8_Color.jpg,1280,720,1_rivet,685,33,703,49
8_Color.jpg,1280,720,1_rivet,656,10,678,30
8_Color.jpg,1280,720,1_rivet,670,1,700,21
8_Color.jpg,1280,720,1_rivet,913,166,928,182
8_Color.jpg,1280,720,1_rivet,931,160,950,178
8_Color.jpg,1280,720,1_rivet,908,145,928,159
8_Color.jpg,1280,720,1_rivet,927,137,950,155
8_Color.jpg,1280,720,1_rivet,903,118,925,136
8_Color.jpg,1280,720,1_rivet,903,95,923,112
8_Color.jpg,1280,720,1_rivet,894,70,919,85
8_Color.jpg,1280,720,1_rivet,895,41,916,60
8_Color.jpg,1280,720,1_rivet,916,33,939,54
8_Color.jpg,1280,720,1_rivet,919,60,944,80
8_Color.jpg,1280,720,1_rivet,922,85,942,105
8_Color.jpg,1280,720,1_rivet,926,112,951,132
8_Color.jpg,1280,720,1_rivet,910,211,941,234
8_Color.jpg,1280,720,1_rivet,937,206,963,230
8_Color.jpg,1280,720,1_rivet,920,237,941,253
8_Color.jpg,1280,720,1_rivet,941,234,963,250
8_Color.jpg,1280,720,1_rivet,922,255,945,276
8_Color.jpg,1280,720,1_rivet,942,251,965,269
8_Color.jpg,1280,720,1_rivet,928,281,949,296
8_Color.jpg,1280,720,1_rivet,945,275,969,291
8_Color.jpg,1280,720,1_rivet,925,300,950,318
8_Color.jpg,1280,720,1_rivet,948,294,970,313
8_Color.jpg,1280,720,1_rivet,938,344,961,362
8_Color.jpg,1280,720,1_rivet,953,341,978,357
8_Color.jpg,1280,720,1_rivet,942,364,960,383
8_Color.jpg,1280,720,1_rivet,961,361,986,379
8_Color.jpg,1280,720,1_rivet,944,382,966,402
8_Color.jpg,1280,720,1_rivet,964,381,991,400
8_Color.jpg,1280,720,1_rivet,944,400,970,422
8_Color.jpg,1280,720,1_rivet,972,399,987,415
8_Color.jpg,1280,720,1_rivet,944,425,974,441
8_Color.jpg,1280,720,1_rivet,974,420,996,439
3_Color.jpg,1280,720,1_rivet,820,400,847,428
3_Color.jpg,1280,720,1_rivet,848,400,878,433
3_Color.jpg,1280,720,1_rivet,817,362,849,395
3_Color.jpg,1280,720,1_rivet,856,369,881,400
3_Color.jpg,1280,720,1_rivet,828,328,858,363
3_Color.jpg,1280,720,1_rivet,859,340,886,364
3_Color.jpg,1280,720,1_rivet,832,297,859,329
3_Color.jpg,1280,720,1_rivet,864,300,890,331
3_Color.jpg,1280,720,1_rivet,836,264,865,300
3_Color.jpg,1280,720,1_rivet,872,270,900,300
3_Color.jpg,1280,720,1_rivet,848,175,878,213
3_Color.jpg,1280,720,1_rivet,886,180,917,219
3_Color.jpg,1280,720,1_rivet,853,138,890,174
3_Color.jpg,1280,720,1_rivet,893,136,925,175
3_Color.jpg,1280,720,1_rivet,862,99,893,129
3_Color.jpg,1280,720,1_rivet,905,99,937,137
3_Color.jpg,1280,720,1_rivet,867,55,904,90
3_Color.jpg,1280,720,1_rivet,910,58,941,96
3_Color.jpg,1280,720,1_rivet,879,1,914,46
3_Color.jpg,1280,720,1_rivet,921,3,949,46
frame00173.jpg,640,480,1_INC_rivet,20,220,37,230
frame00173.jpg,640,480,1_INC_rivet,20,239,42,252
frame00173.jpg,640,480,1_INC_rivet,48,240,66,252
frame00173.jpg,640,480,1_INC_rivet,256,235,273,248
frame00173.jpg,640,480,1_INC_rivet,280,235,303,251
frame00173.jpg,640,480,1_INC_rivet,310,236,327,249
frame00173.jpg,640,480,1_INC_rivet,367,211,384,225
frame00173.jpg,640,480,1_INC_rivet,394,211,412,223
frame00173.jpg,640,480,1_INC_rivet,422,210,439,223
frame00173.jpg,640,480,1_INC_rivet,454,208,468,224
frame00173.jpg,640,480,1_INC_rivet,483,208,500,224
frame00173.jpg,640,480,1_INC_rivet,514,206,534,221
frame00173.jpg,640,480,1_INC_rivet,370,234,387,250
frame00173.jpg,640,480,1_INC_rivet,397,235,409,249
frame00173.jpg,640,480,1_INC_rivet,427,233,440,250
frame00173.jpg,640,480,1_INC_rivet,453,232,468,247
frame00173.jpg,640,480,1_INC_rivet,487,234,501,248
frame00173.jpg,640,480,1_INC_rivet,516,231,535,249
frame00173.jpg,640,480,1_INC_rivet,587,205,602,221
frame00173.jpg,640,480,1_INC_rivet,624,202,638,219
frame00173.jpg,640,480,1_INC_rivet,589,233,607,250
frame00173.jpg,640,480,1_INC_rivet,625,231,640,249
frame00173.jpg,640,480,1_INC_rivet,209,431,222,442
frame00173.jpg,640,480,1_INC_rivet,229,431,245,445
frame00173.jpg,640,480,1_INC_rivet,255,432,266,447
frame00173.jpg,640,480,1_INC_rivet,275,432,291,449
frame00173.jpg,640,480,1_INC_rivet,298,437,312,451
frame00173.jpg,640,480,1_INC_rivet,211,453,221,467
frame00173.jpg,640,480,1_INC_rivet,231,454,244,470
frame00173.jpg,640,480,1_INC_rivet,251,457,264,471
frame00173.jpg,640,480,1_INC_rivet,275,460,289,473
frame00173.jpg,640,480,1_INC_rivet,296,461,312,474
frame00173.jpg,640,480,1_rivet,45,218,64,232
frame00173.jpg,640,480,1_rivet,69,218,90,232
frame00173.jpg,640,480,1_rivet,96,215,112,232
frame00173.jpg,640,480,1_rivet,116,215,141,228
frame00173.jpg,640,480,1_rivet,126,235,144,254
frame00173.jpg,640,480,1_rivet,96,238,118,255
frame00173.jpg,640,480,1_rivet,70,235,94,255
frame00173.jpg,640,480,1_rivet,172,213,196,230
frame00173.jpg,640,480,1_rivet,198,213,219,231
frame00173.jpg,640,480,1_rivet,228,215,246,231
frame00173.jpg,640,480,1_rivet,253,215,272,231
frame00173.jpg,640,480,1_rivet,280,210,303,231
frame00173.jpg,640,480,1_rivet,307,210,332,228
frame00173.jpg,640,480,1_rivet,174,232,196,250
frame00173.jpg,640,480,1_rivet,202,235,222,252
frame00173.jpg,640,480,1_rivet,229,236,247,253
13_Color.jpg,1280,720,1_rivet,510,610,531,631
13_Color.jpg,1280,720,1_rivet,509,636,528,663
13_Color.jpg,1280,720,1_rivet,528,640,558,663
13_Color.jpg,1280,720,1_rivet,530,605,561,631
13_Color.jpg,1280,720,1_rivet,557,641,584,662
13_Color.jpg,1280,720,1_rivet,558,616,589,637
13_Color.jpg,1280,720,1_rivet,582,611,610,637
13_Color.jpg,1280,720,1_rivet,584,637,608,668
13_Color.jpg,1280,720,1_rivet,716,622,739,643
13_Color.jpg,1280,720,1_rivet,744,621,771,649
13_Color.jpg,1280,720,1_rivet,742,646,765,671
13_Color.jpg,1280,720,1_rivet,714,640,743,675
13_Color.jpg,1280,720,1_rivet,769,650,791,675
13_Color.jpg,1280,720,1_rivet,763,619,792,649
13_Color.jpg,1280,720,1_rivet,791,623,816,650
13_Color.jpg,1280,720,1_rivet,789,646,818,675
13_Color.jpg,1280,720,1_rivet,925,635,953,659
13_Color.jpg,1280,720,1_rivet,952,636,978,662
13_Color.jpg,1280,720,1_rivet,979,641,1003,665
13_Color.jpg,1280,720,1_rivet,1007,637,1029,666
13_Color.jpg,1280,720,1_rivet,1008,665,1028,687
13_Color.jpg,1280,720,1_rivet,981,664,1004,690
13_Color.jpg,1280,720,1_rivet,953,662,978,691
13_Color.jpg,1280,720,1_rivet,929,662,952,688
13_Color.jpg,1280,720,1_rivet,1263,412,1279,426
13_Color.jpg,1280,720,1_rivet,1259,387,1279,407
13_Color.jpg,1280,720,1_rivet,1193,405,1219,427
13_Color.jpg,1280,720,1_rivet,1192,382,1219,402
13_Color.jpg,1280,720,1_rivet,1161,400,1196,433
13_Color.jpg,1280,720,1_rivet,1161,378,1199,403
13_Color.jpg,1280,720,1_rivet,1138,378,1162,403
13_Color.jpg,1280,720,1_rivet,1140,403,1162,432
13_Color.jpg,1280,720,1_rivet,1105,403,1134,425
13_Color.jpg,1280,720,1_rivet,1103,376,1136,396
13_Color.jpg,1280,720,1_rivet,1073,378,1103,395
13_Color.jpg,1280,720,1_rivet,1079,401,1103,425
13_Color.jpg,1280,720,1_rivet,1016,400,1042,421
13_Color.jpg,1280,720,1_rivet,1017,376,1048,395
13_Color.jpg,1280,720,1_rivet,992,400,1016,424
13_Color.jpg,1280,720,1_rivet,989,372,1016,398
13_Color.jpg,1280,720,1_rivet,959,394,986,424
13_Color.jpg,1280,720,1_rivet,962,372,985,390
13_Color.jpg,1280,720,1_rivet,933,369,956,390
13_Color.jpg,1280,720,1_rivet,930,392,953,414
13_Color.jpg,1280,720,1_rivet,906,393,931,414
13_Color.jpg,1280,720,1_rivet,905,369,925,387
13_Color.jpg,1280,720,1_rivet,873,365,897,386
13_Color.jpg,1280,720,1_rivet,878,390,901,412
13_Color.jpg,1280,720,1_rivet,817,389,835,406
13_Color.jpg,1280,720,1_rivet,816,362,839,385
13_Color.jpg,1280,720,1_rivet,790,362,810,381
13_Color.jpg,1280,720,1_rivet,788,388,807,404
13_Color.jpg,1280,720,1_rivet,757,384,781,403
13_Color.jpg,1280,720,1_rivet,765,361,786,382
13_Color.jpg,1280,720,1_rivet,732,354,757,374
13_Color.jpg,1280,720,1_rivet,734,380,754,401
13_Color.jpg,1280,720,1_rivet,710,376,729,402
13_Color.jpg,1280,720,1_rivet,709,357,727,375
13_Color.jpg,1280,720,1_rivet,678,353,698,370
13_Color.jpg,1280,720,1_rivet,680,376,697,398
13_Color.jpg,1280,720,1_rivet,620,375,641,391
13_Color.jpg,1280,720,1_rivet,623,350,640,368
13_Color.jpg,1280,720,1_rivet,593,350,611,364
13_Color.jpg,1280,720,1_rivet,592,374,607,390
13_Color.jpg,1280,720,1_rivet,561,374,578,387
13_Color.jpg,1280,720,1_rivet,560,348,582,364
13_Color.jpg,1280,720,1_rivet,532,347,554,362
13_Color.jpg,1280,720,1_rivet,536,370,553,385
13_Color.jpg,1280,720,1_rivet,508,370,527,384
13_Color.jpg,1280,720,1_rivet,507,342,527,359
13_Color.jpg,1280,720,1_rivet,481,340,500,361
13_Color.jpg,1280,720,1_rivet,477,365,498,382
13_Color.jpg,1280,720,1_rivet,411,352,430,378
13_Color.jpg,1280,720,1_rivet,409,337,436,351
13_Color.jpg,1280,720,1_rivet,378,336,402,352
13_Color.jpg,1280,720,1_rivet,378,357,401,377
13_Color.jpg,1280,720,1_rivet,341,354,365,371
13_Color.jpg,1280,720,1_rivet,310,349,326,372
13_Color.jpg,1280,720,1_rivet,275,345,295,366
13_Color.jpg,1280,720,1_rivet,239,350,257,365
13_Color.jpg,1280,720,1_rivet,161,336,184,355
13_Color.jpg,1280,720,1_rivet,123,335,144,353
13_Color.jpg,1280,720,1_rivet,85,330,108,351
13_Color.jpg,1280,720,1_rivet,45,326,71,349
13_Color.jpg,1280,720,1_rivet,6,321,34,347
13_Color.jpg,1280,720,1_rivet,347,331,366,346
13_Color.jpg,1280,720,1_rivet,308,322,329,344
13_Color.jpg,1280,720,1_rivet,273,324,296,341
13_Color.jpg,1280,720,1_rivet,236,312,266,334
13_Color.jpg,1280,720,1_rivet,160,310,188,332
13_Color.jpg,1280,720,1_rivet,127,302,151,327
13_Color.jpg,1280,720,1_rivet,88,302,111,323
13_Color.jpg,1280,720,1_rivet,43,299,77,318
13_Color.jpg,1280,720,1_rivet,8,292,34,313
13_Color.jpg,1280,720,1_INC_rivet,481,634,501,660
13_Color.jpg,1280,720,1_INC_rivet,481,609,503,631
13_Color.jpg,1280,720,1_INC_rivet,687,643,713,670
13_Color.jpg,1280,720,1_INC_rivet,693,614,712,639
13_Color.jpg,1280,720,1_INC_rivet,905,637,924,655
13_Color.jpg,1280,720,1_INC_rivet,906,662,925,685
15_Color.jpg,1280,720,1_rivet,717,369,734,387
15_Color.jpg,1280,720,1_rivet,731,351,750,369
15_Color.jpg,1280,720,1_rivet,730,379,752,397
15_Color.jpg,1280,720,1_rivet,752,363,766,377
15_Color.jpg,1280,720,1_rivet,751,387,770,412
15_Color.jpg,1280,720,1_rivet,765,375,787,392
15_Color.jpg,1280,720,1_rivet,769,399,791,424
15_Color.jpg,1280,720,1_rivet,785,385,805,410
15_Color.jpg,1280,720,1_rivet,865,469,879,489
15_Color.jpg,1280,720,1_rivet,878,450,898,475
15_Color.jpg,1280,720,1_rivet,895,465,914,489
15_Color.jpg,1280,720,1_rivet,882,478,897,505
15_Color.jpg,1280,720,1_rivet,897,494,916,513
15_Color.jpg,1280,720,1_rivet,913,479,934,497
15_Color.jpg,1280,720,1_rivet,916,503,933,525
15_Color.jpg,1280,720,1_rivet,924,487,949,511
15_Color.jpg,1280,720,1_rivet,1007,576,1026,599
15_Color.jpg,1280,720,1_rivet,1025,564,1042,580
15_Color.jpg,1280,720,1_rivet,1028,591,1043,611
15_Color.jpg,1280,720,1_rivet,1040,577,1059,596
15_Color.jpg,1280,720,1_rivet,1036,601,1061,623
15_Color.jpg,1280,720,1_rivet,1054,589,1075,609
15_Color.jpg,1280,720,1_rivet,1058,614,1076,632
15_Color.jpg,1280,720,1_rivet,1077,602,1095,621
15_Color.jpg,1280,720,1_rivet,1106,339,1129,358
15_Color.jpg,1280,720,1_rivet,1120,321,1144,340
15_Color.jpg,1280,720,1_rivet,1078,319,1104,340
15_Color.jpg,1280,720,1_rivet,1099,302,1124,322
15_Color.jpg,1280,720,1_rivet,1064,307,1085,325
15_Color.jpg,1280,720,1_rivet,1080,291,1101,305
15_Color.jpg,1280,720,1_rivet,1151,375,1168,391
15_Color.jpg,1280,720,1_rivet,1163,357,1189,374
15_Color.jpg,1280,720,1_rivet,1172,390,1188,409
15_Color.jpg,1280,720,1_rivet,1187,374,1210,390
15_Color.jpg,1280,720,1_rivet,1191,406,1211,426
15_Color.jpg,1280,720,1_rivet,1209,390,1230,408
15_Color.jpg,1280,720,1_rivet,1210,422,1233,442
15_Color.jpg,1280,720,1_rivet,1225,406,1254,429
15_Color.jpg,1280,720,1_rivet,1232,441,1253,457
15_Color.jpg,1280,720,1_rivet,1253,425,1272,443
15_Color.jpg,1280,720,1_rivet,1247,455,1276,476
15_Color.jpg,1280,720,1_rivet,1268,439,1280,457
15_Color.jpg,1280,720,1_rivet,1039,287,1063,308
15_Color.jpg,1280,720,1_rivet,1058,270,1083,293
15_Color.jpg,1280,720,1_rivet,1014,270,1038,290
15_Color.jpg,1280,720,1_rivet,1041,258,1058,272
15_Color.jpg,1280,720,1_rivet,990,254,1022,275
15_Color.jpg,1280,720,1_rivet,1007,232,1038,257
15_Color.jpg,1280,720,1_rivet,947,218,975,242
15_Color.jpg,1280,720,1_rivet,966,199,992,221
15_Color.jpg,1280,720,1_rivet,925,203,951,219
15_Color.jpg,1280,720,1_rivet,942,186,970,200
15_Color.jpg,1280,720,1_rivet,904,183,928,206
15_Color.jpg,1280,720,1_rivet,917,162,945,184
15_Color.jpg,1280,720,1_rivet,880,167,907,189
15_Color.jpg,1280,720,1_rivet,898,150,924,167
15_Color.jpg,1280,720,1_rivet,857,150,888,171
15_Color.jpg,1280,720,1_rivet,876,135,903,148
15_Color.jpg,1280,720,1_rivet,828,132,863,151
15_Color.jpg,1280,720,1_rivet,852,112,877,134
15_Color.jpg,1280,720,1_rivet,781,96,809,115
15_Color.jpg,1280,720,1_rivet,796,72,823,94
15_Color.jpg,1280,720,1_rivet,760,77,783,94
15_Color.jpg,1280,720,1_rivet,770,49,802,77
15_Color.jpg,1280,720,1_rivet,720,45,757,77
15_Color.jpg,1280,720,1_rivet,750,28,775,56
15_Color.jpg,1280,720,1_rivet,706,27,732,61
15_Color.jpg,1280,720,1_rivet,716,10,743,32
15_Color.jpg,1280,720,1_rivet,678,10,701,34
15_Color.jpg,1280,720,1_rivet,701,1,718,8
15_Color.jpg,1280,720,1_rivet,650,1,675,9
15_Color.jpg,1280,720,1_INC_rivet,697,356,718,371
15_Color.jpg,1280,720,1_INC_rivet,711,340,728,353
15_Color.jpg,1280,720,1_INC_rivet,847,456,866,474
15_Color.jpg,1280,720,1_INC_rivet,858,439,880,458
15_Color.jpg,1280,720,1_INC_rivet,991,563,1010,586
15_Color.jpg,1280,720,1_INC_rivet,1005,550,1027,570
frame00909.jpg,640,480,1_INC_rivet,204,313,219,327
frame00909.jpg,640,480,1_INC_rivet,220,313,235,327
frame00909.jpg,640,480,1_INC_rivet,237,312,256,327
frame00909.jpg,640,480,1_INC_rivet,260,313,274,331
frame00909.jpg,640,480,1_INC_rivet,277,314,293,326
frame00909.jpg,640,480,1_INC_rivet,203,329,218,343
frame00909.jpg,640,480,1_INC_rivet,224,332,238,346
frame00909.jpg,640,480,1_INC_rivet,242,331,256,342
frame00909.jpg,640,480,1_INC_rivet,262,333,274,341
frame00909.jpg,640,480,1_INC_rivet,280,332,291,342
frame00909.jpg,640,480,1_INC_rivet,207,350,218,364
frame00909.jpg,640,480,1_INC_rivet,224,350,237,364
frame00909.jpg,640,480,1_INC_rivet,244,349,255,362
frame00909.jpg,640,480,1_INC_rivet,263,350,272,362
frame00909.jpg,640,480,1_INC_rivet,279,345,295,362
frame00909.jpg,640,480,1_INC_rivet,361,326,374,343
frame00909.jpg,640,480,1_INC_rivet,383,332,393,342
frame00909.jpg,640,480,1_INC_rivet,396,328,410,343
frame00909.jpg,640,480,1_INC_rivet,421,327,432,346
frame00909.jpg,640,480,1_INC_rivet,438,327,459,344
frame00909.jpg,640,480,1_INC_rivet,363,349,373,366
frame00909.jpg,640,480,1_INC_rivet,382,349,392,362
frame00909.jpg,640,480,1_INC_rivet,402,348,415,364
frame00909.jpg,640,480,1_INC_rivet,422,350,433,364
frame00909.jpg,640,480,1_INC_rivet,438,350,450,367
frame00909.jpg,640,480,1_INC_rivet,523,332,536,346
frame00909.jpg,640,480,1_INC_rivet,546,330,560,348
frame00909.jpg,640,480,1_INC_rivet,565,329,578,348
frame00909.jpg,640,480,1_INC_rivet,585,331,599,349
frame00909.jpg,640,480,1_INC_rivet,603,329,623,348
frame00909.jpg,640,480,1_INC_rivet,524,348,541,368
frame00909.jpg,640,480,1_INC_rivet,544,350,559,368
frame00909.jpg,640,480,1_INC_rivet,566,348,579,366
frame00909.jpg,640,480,1_INC_rivet,585,351,599,372
frame00909.jpg,640,480,1_INC_rivet,607,351,622,370
frame00909.jpg,640,480,1_INC_rivet,171,135,186,150
frame00909.jpg,640,480,1_INC_rivet,193,136,213,151
frame00909.jpg,640,480,1_INC_rivet,218,136,236,153
frame00909.jpg,640,480,1_INC_rivet,240,136,260,151
frame00909.jpg,640,480,1_INC_rivet,172,153,184,171
frame00909.jpg,640,480,1_INC_rivet,194,152,215,169
frame00909.jpg,640,480,1_INC_rivet,92,134,115,153
frame00909.jpg,640,480,1_INC_rivet,123,136,138,152
frame00909.jpg,640,480,1_INC_rivet,494,120,509,141
frame00909.jpg,640,480,1_INC_rivet,513,121,535,138
frame00909.jpg,640,480,1_INC_rivet,542,122,558,139
frame00909.jpg,640,480,1_INC_rivet,563,119,583,138
frame00909.jpg,640,480,1_INC_rivet,589,118,609,138
frame00909.jpg,640,480,1_INC_rivet,613,117,631,137
frame00909.jpg,640,480,1_INC_rivet,494,143,509,162
frame00909.jpg,640,480,1_INC_rivet,514,141,535,160
frame00909.jpg,640,480,1_INC_rivet,541,142,560,158
frame00909.jpg,640,480,1_INC_rivet,565,143,583,156
frame00909.jpg,640,480,1_INC_rivet,588,141,611,160
frame00909.jpg,640,480,1_INC_rivet,615,140,630,154
frame00909.jpg,640,480,1_INC_rivet,23,135,39,152
frame00909.jpg,640,480,1_INC_rivet,45,136,65,151
frame00909.jpg,640,480,1_rivet,69,133,88,154
frame00909.jpg,640,480,1_rivet,22,156,43,171
frame00909.jpg,640,480,1_rivet,49,156,68,174
frame00909.jpg,640,480,1_rivet,73,155,88,170
frame00909.jpg,640,480,1_rivet,95,155,114,171
frame00909.jpg,640,480,1_rivet,122,157,146,171
frame00909.jpg,640,480,1_rivet,219,154,239,171
frame00909.jpg,640,480,1_rivet,241,155,260,167
frame00909.jpg,640,480,1_rivet,265,154,280,167
frame00909.jpg,640,480,1_rivet,265,136,281,150
frame00909.jpg,640,480,1_rivet,286,135,303,147
frame00909.jpg,640,480,1_rivet,288,153,306,166
frame00909.jpg,640,480,1_rivet,334,134,351,148
frame00909.jpg,640,480,1_rivet,334,152,351,164
frame00909.jpg,640,480,1_rivet,358,132,372,144
frame00909.jpg,640,480,1_rivet,358,150,376,165
frame00909.jpg,640,480,1_rivet,379,132,394,143
frame00909.jpg,640,480,1_rivet,379,148,395,164
frame00909.jpg,640,480,1_rivet,400,149,416,164
frame00909.jpg,640,480,1_rivet,421,127,439,148
frame00909.jpg,640,480,1_rivet,421,150,436,161
frame00909.jpg,640,480,1_rivet,443,127,460,143
frame00909.jpg,640,480,1_rivet,442,145,461,162
frame00909.jpg,640,480,1_INC_rivet,399,131,416,144
10_Color.jpg,1280,720,1_INC_rivet,678,174,702,197
10_Color.jpg,1280,720,1_INC_rivet,696,158,721,178
10_Color.jpg,1280,720,1_INC_rivet,827,299,846,318
10_Color.jpg,1280,720,1_INC_rivet,846,280,863,298
10_Color.jpg,1280,720,1_rivet,697,194,719,212
10_Color.jpg,1280,720,1_rivet,715,174,736,193
10_Color.jpg,1280,720,1_rivet,732,187,753,208
10_Color.jpg,1280,720,1_rivet,715,207,734,225
10_Color.jpg,1280,720,1_rivet,735,222,756,243
10_Color.jpg,1280,720,1_rivet,752,205,771,222
10_Color.jpg,1280,720,1_rivet,748,236,773,256
10_Color.jpg,1280,720,1_rivet,764,214,789,240
10_Color.jpg,1280,720,1_rivet,845,315,869,338
10_Color.jpg,1280,720,1_rivet,859,299,879,315
10_Color.jpg,1280,720,1_rivet,875,308,900,330
10_Color.jpg,1280,720,1_rivet,858,330,885,350
10_Color.jpg,1280,720,1_rivet,873,339,903,362
10_Color.jpg,1280,720,1_rivet,893,326,916,343
10_Color.jpg,1280,720,1_rivet,897,360,920,377
10_Color.jpg,1280,720,1_rivet,914,341,936,362
10_Color.jpg,1280,720,1_rivet,991,437,1015,455
10_Color.jpg,1280,720,1_rivet,1007,420,1030,438
10_Color.jpg,1280,720,1_rivet,1011,450,1031,470
10_Color.jpg,1280,720,1_rivet,1031,465,1049,487
10_Color.jpg,1280,720,1_rivet,1028,433,1049,457
10_Color.jpg,1280,720,1_rivet,1041,450,1066,472
10_Color.jpg,1280,720,1_rivet,1043,481,1072,507
10_Color.jpg,1280,720,1_rivet,1057,462,1086,484
10_Color.jpg,1280,720,1_rivet,1221,299,1241,319
10_Color.jpg,1280,720,1_rivet,1196,279,1223,301
10_Color.jpg,1280,720,1_rivet,1174,261,1201,285
10_Color.jpg,1280,720,1_rivet,1235,279,1260,301
10_Color.jpg,1280,720,1_rivet,1212,262,1241,286
10_Color.jpg,1280,720,1_rivet,1192,243,1221,265
10_Color.jpg,1280,720,1_rivet,1157,244,1182,270
10_Color.jpg,1280,720,1_rivet,1174,230,1198,250
10_Color.jpg,1280,720,1_rivet,1132,229,1165,252
10_Color.jpg,1280,720,1_rivet,1152,211,1178,230
10_Color.jpg,1280,720,1_rivet,1134,195,1165,216
10_Color.jpg,1280,720,1_rivet,1110,212,1142,230
10_Color.jpg,1280,720,1_rivet,1075,171,1100,196
10_Color.jpg,1280,720,1_rivet,1090,157,1116,176
10_Color.jpg,1280,720,1_rivet,1052,158,1082,177
10_Color.jpg,1280,720,1_rivet,1063,132,1093,158
10_Color.jpg,1280,720,1_rivet,1031,140,1062,160
10_Color.jpg,1280,720,1_rivet,1050,123,1069,139
10_Color.jpg,1280,720,1_rivet,1016,116,1035,137
10_Color.jpg,1280,720,1_rivet,1028,97,1050,122
10_Color.jpg,1280,720,1_rivet,993,103,1014,120
10_Color.jpg,1280,720,1_rivet,1008,82,1032,102
10_Color.jpg,1280,720,1_rivet,972,84,997,103
10_Color.jpg,1280,720,1_rivet,987,64,1013,87
10_Color.jpg,1280,720,1_rivet,926,41,953,64
10_Color.jpg,1280,720,1_rivet,945,24,969,43
10_Color.jpg,1280,720,1_rivet,909,23,934,41
10_Color.jpg,1280,720,1_rivet,925,7,948,26
10_Color.jpg,1280,720,1_rivet,889,12,908,25
10_Color.jpg,1280,720,1_INC_rivet,974,421,998,442
10_Color.jpg,1280,720,1_INC_rivet,991,407,1016,427
